Data,Giorno,Orario,Insegnamento,Canale,Docente,Aula,Indirizzo,Note
2026-10-02,Venerdì,09:00 - 11:00,MECCANICA QUANTISTICA,M-Z,Francesco Ravanini,AULA MAGNA BIOCHIMICA (Accesso dal I piano),"Via Irnerio, 48 - Bologna",
2026-10-02,Venerdì,11:00 - 13:00,LABORATORIO DI ELETTRONICA,TUTTI,Gilda Scioli,AULA MAGNA,"Via Filippo Re, 10 - Bologna",
2026-10-05,Lunedì,09:00 - 11:00,FISICA NUCLEARE E SUBNUCLEARE,M-Z,Iacopo Vivarelli,AULA 1 SCIENZE FARMACEUTICHE (Accesso da Via Belmeloro 6),VIA Belmeloro 4/6 - Bologna,
2026-10-05,Lunedì,11:00 - 13:00,LABORATORIO DI ELETTRONICA,TUTTI,Gilda Scioli,AULA MAGNA,"Viale Carlo Berti Pichat, 5 - Bologna",
2026-10-05,Lunedì,16:00 - 18:00,DATA SCIENCE,TUTTI,Domenico Di Sante,AULA B (BIOCHIMICA),"Via Irnerio, 48 - Bologna",
2026-10-06,Martedì,09:00 - 11:00,FISICA NUCLEARE E SUBNUCLEARE,M-Z,Iacopo Vivarelli,AULA VII PIANO,"Piazza di Porta San Donato, 5 - Bologna",
2026-10-06,Martedì,11:00 - 13:00,FISICA DELLA MATERIA,M-Z,Cesare Franchini,AULA MAGNA BIOCHIMICA (Accesso dal I piano),"Via Irnerio, 48 - Bologna",
2026-10-07,Mercoledì,09:00 - 11:00,MECCANICA QUANTISTICA,M-Z,Francesco Ravanini,AULA MAGNA BIOCHIMICA (Accesso dal I piano),"Via Irnerio, 48 - Bologna",
2026-10-07,Mercoledì,11:00 - 13:00,FISICA DELLA MATERIA,M-Z,Cesare Franchini,AULA MAGNA BIOCHIMICA (Accesso dal I piano),"Via Irnerio, 48 - Bologna",
2026-10-07,Mercoledì,14:00 - 16:00,ASTROFISICA,TUTTI,Barbara Lanzoni,AULA A EST,VIA Irnerio 42 - Bologna,
2026-10-07,Mercoledì,15:00 - 19:00,DATA SCIENCE,TUTTI,Domenico Di Sante,LAB INF N BELMELORO / LAB INF O BELMELORO,"Via Beniamino Andreatta, 8 - Bologna",
2026-10-08,Giovedì,09:00 - 11:00,MECCANICA QUANTISTICA,M-Z,Francesco Ravanini,AULA MAGNA,"Viale Carlo Berti Pichat, 5 - Bologna",
2026-10-08,Giovedì,11:00 - 13:00,FISICA NUCLEARE E SUBNUCLEARE,M-Z,Iacopo Vivarelli,AULA MAGNA,"Viale Carlo Berti Pichat, 5 - Bologna",
2026-10-09,Venerdì,09:00 - 11:00,MECCANICA QUANTISTICA,M-Z,Francesco Ravanini,AULA MAGNA BIOCHIMICA (Accesso dal I piano),"Via Irnerio, 48 - Bologna",
2026-10-09,Venerdì,11:00 - 13:00,LABORATORIO DI ELETTRONICA,TUTTI,Gilda Scioli,AULA MAGNA,"Via Filippo Re, 10 - Bologna",
2026-10-09,Venerdì,14:00 - 16:00,ASTROFISICA,TUTTI,Barbara Lanzoni,AULA A EST,VIA Irnerio 42 - Bologna,
2026-10-12,Lunedì,09:00 - 11:00,FISICA NUCLEARE E SUBNUCLEARE,M-Z,Iacopo Vivarelli,AULA 1 SCIENZE FARMACEUTICHE (Accesso da Via Belmeloro 6),VIA Belmeloro 4/6 - Bologna,
2026-10-12,Lunedì,11:00 - 13:00,LABORATORIO DI ELETTRONICA,TUTTI,Gilda Scioli,AULA MAGNA,"Viale Carlo Berti Pichat, 5 - Bologna",
2026-10-12,Lunedì,16:00 - 18:00,DATA SCIENCE,TUTTI,Domenico Di Sante,AULA A (FARMACOLOGIA),"Via Irnerio, 48 - Bologna",
2026-10-13,Martedì,09:00 - 11:00,FISICA NUCLEARE E SUBNUCLEARE,M-Z,Iacopo Vivarelli,AULA VII PIANO,"Piazza di Porta San Donato, 5 - Bologna",
2026-10-13,Martedì,11:00 - 13:00,FISICA DELLA MATERIA,M-Z,Cesare Franchini,AULA MAGNA BIOCHIMICA (Accesso dal I piano),"Via Irnerio, 48 - Bologna",
2026-10-14,Mercoledì,09:00 - 11:00,MECCANICA QUANTISTICA,M-Z,Francesco Ravanini,AULA MAGNA BIOCHIMICA (Accesso dal I piano),"Via Irnerio, 48 - Bologna",
2026-10-14,Mercoledì,11:00 - 13:00,FISICA DELLA MATERIA,M-Z,Cesare Franchini,AULA MAGNA BIOCHIMICA (Accesso dal I piano),"Via Irnerio, 48 - Bologna",
2026-10-14,Mercoledì,14:00 - 16:00,ASTROFISICA,TUTTI,Barbara Lanzoni,AULA A EST,VIA Irnerio 42 - Bologna,
2026-10-14,Mercoledì,15:00 - 19:00,DATA SCIENCE,TUTTI,Domenico Di Sante,LAB INF N BELMELORO / LAB INF O BELMELORO,"Via Beniamino Andreatta, 8 - Bologna",
2026-10-15,Giovedì,09:00 - 11:00,MECCANICA QUANTISTICA,M-Z,Francesco Ravanini,AULA MAGNA,"Viale Carlo Berti Pichat, 5 - Bologna",
2026-10-15,Giovedì,11:00 - 13:00,FISICA NUCLEARE E SUBNUCLEARE,M-Z,Iacopo Vivarelli,AULA MAGNA,"Viale Carlo Berti Pichat, 5 - Bologna",
2026-10-16,Venerdì,09:00 - 11:00,MECCANICA QUANTISTICA,M-Z,Francesco Ravanini,AULA MAGNA BIOCHIMICA (Accesso dal I piano),"Via Irnerio, 48 - Bologna",
2026-10-16,Venerdì,11:00 - 13:00,LABORATORIO DI ELETTRONICA,TUTTI,Gilda Scioli,AULA MAGNA,"Via Filippo Re, 10 - Bologna",
2026-10-16,Venerdì,14:00 - 16:00,ASTROFISICA,TUTTI,Barbara Lanzoni,AULA A EST,VIA Irnerio 42 - Bologna,
2026-10-19,Lunedì,09:00 - 11:00,FISICA NUCLEARE E SUBNUCLEARE,M-Z,Iacopo Vivarelli,AULA 1 SCIENZE FARMACEUTICHE (Accesso da Via Belmeloro 6),VIA Belmeloro 4/6 - Bologna,
2026-10-19,Lunedì,11:00 - 13:00,LABORATORIO DI ELETTRONICA,TUTTI,Gilda Scioli,AULA MAGNA,"Viale Carlo Berti Pichat, 5 - Bologna",
2026-10-19,Lunedì,16:00 - 18:00,DATA SCIENCE,TUTTI,Domenico Di Sante,AULA A (FARMACOLOGIA),"Via Irnerio, 48 - Bologna",
2026-10-20,Martedì,09:00 - 11:00,FISICA NUCLEARE E SUBNUCLEARE,M-Z,Iacopo Vivarelli,AULA VII PIANO,"Piazza di Porta San Donato, 5 - Bologna",
2026-10-20,Martedì,11:00 - 13:00,FISICA DELLA MATERIA,M-Z,Cesare Franchini,AULA MAGNA BIOCHIMICA (Accesso dal I piano),"Via Irnerio, 48 - Bologna",
2026-10-21,Mercoledì,09:00 - 11:00,MECCANICA QUANTISTICA,M-Z,Francesco Ravanini,AULA MAGNA BIOCHIMICA (Accesso dal I piano),"Via Irnerio, 48 - Bologna",
2026-10-21,Mercoledì,11:00 - 13:00,FISICA DELLA MATERIA,M-Z,Cesare Franchini,AULA MAGNA BIOCHIMICA (Accesso dal I piano),"Via Irnerio, 48 - Bologna",
2026-10-21,Mercoledì,14:00 - 16:00,ASTROFISICA,TUTTI,Barbara Lanzoni,AULA A EST,VIA Irnerio 42 - Bologna,
2026-10-21,Mercoledì,15:00 - 19:00,DATA SCIENCE,TUTTI,Domenico Di Sante,LAB INF N BELMELORO / LAB INF O BELMELORO,"Via Beniamino Andreatta, 8 - Bologna",
2026-10-22,Giovedì,09:00 - 11:00,MECCANICA QUANTISTICA,M-Z,Francesco Ravanini,AULA MAGNA,"Viale Carlo Berti Pichat, 5 - Bologna",
2026-10-22,Giovedì,11:00 - 13:00,FISICA NUCLEARE E SUBNUCLEARE,M-Z,Iacopo Vivarelli,AULA MAGNA,"Viale Carlo Berti Pichat, 5 - Bologna",
2026-10-23,Venerdì,09:00 - 11:00,MECCANICA QUANTISTICA,M-Z,Francesco Ravanini,AULA MAGNA BIOCHIMICA (Accesso dal I piano),"Via Irnerio, 48 - Bologna",
2026-10-23,Venerdì,11:00 - 13:00,LABORATORIO DI ELETTRONICA,TUTTI,Gilda Scioli,AULA MAGNA,"Via Filippo Re, 10 - Bologna",
2026-10-23,Venerdì,14:00 - 16:00,ASTROFISICA,TUTTI,Barbara Lanzoni,AULA A EST,VIA Irnerio 42 - Bologna,
2026-10-26,Lunedì,09:00 - 11:00,FISICA NUCLEARE E SUBNUCLEARE,M-Z,Iacopo Vivarelli,AULA 1 SCIENZE FARMACEUTICHE (Accesso da Via Belmeloro 6),VIA Belmeloro 4/6 - Bologna,
2026-10-26,Lunedì,11:00 - 13:00,LABORATORIO DI ELETTRONICA,TUTTI,Gilda Scioli,AULA MAGNA,"Viale Carlo Berti Pichat, 5 - Bologna",
2026-10-26,Lunedì,16:00 - 18:00,DATA SCIENCE,TUTTI,Domenico Di Sante,AULA A / AULA A (FARMACOLOGIA),"Via Filippo Re, 8 - Bologna / Via Irnerio, 48 - Bologna",
2026-10-27,Martedì,09:00 - 11:00,FISICA NUCLEARE E SUBNUCLEARE,M-Z,Iacopo Vivarelli,AULA VII PIANO,"Piazza di Porta San Donato, 5 - Bologna",
2026-10-27,Martedì,11:00 - 13:00,FISICA DELLA MATERIA,M-Z,Cesare Franchini,AULA MAGNA BIOCHIMICA (Accesso dal I piano),"Via Irnerio, 48 - Bologna",
2026-11-02,Lunedì,09:00 - 11:00,FISICA NUCLEARE E SUBNUCLEARE,M-Z,Iacopo Vivarelli,AULA 1 SCIENZE FARMACEUTICHE (Accesso da Via Belmeloro 6),VIA Belmeloro 4/6 - Bologna,
2026-11-02,Lunedì,11:00 - 13:00,LABORATORIO DI ELETTRONICA,TUTTI,Gilda Scioli,AULA MAGNA,"Viale Carlo Berti Pichat, 5 - Bologna",
2026-11-02,Lunedì,16:00 - 18:00,DATA SCIENCE,TUTTI,Domenico Di Sante,AULA A (FARMACOLOGIA),"Via Irnerio, 48 - Bologna",
2026-11-03,Martedì,09:00 - 11:00,FISICA NUCLEARE E SUBNUCLEARE,M-Z,Iacopo Vivarelli,AULA VII PIANO,"Piazza di Porta San Donato, 5 - Bologna",
2026-11-03,Martedì,11:00 - 13:00,FISICA DELLA MATERIA,M-Z,Cesare Franchini,AULA MAGNA BIOCHIMICA (Accesso dal I piano),"Via Irnerio, 48 - Bologna",
2026-11-04,Mercoledì,09:00 - 11:00,MECCANICA QUANTISTICA,M-Z,Francesco Ravanini,AULA MAGNA BIOCHIMICA (Accesso dal I piano),"Via Irnerio, 48 - Bologna",
2026-11-04,Mercoledì,11:00 - 13:00,FISICA DELLA MATERIA,M-Z,Cesare Franchini,AULA MAGNA BIOCHIMICA (Accesso dal I piano),"Via Irnerio, 48 - Bologna",
2026-11-04,Mercoledì,14:00 - 16:00,ASTROFISICA,TUTTI,Barbara Lanzoni,AULA A EST,VIA Irnerio 42 - Bologna,
2026-11-04,Mercoledì,15:00 - 19:00,DATA SCIENCE,TUTTI,Domenico Di Sante,LAB INF N BELMELORO / LAB INF O BELMELORO,"Via Beniamino Andreatta, 8 - Bologna",
2026-11-05,Giovedì,09:00 - 11:00,MECCANICA QUANTISTICA,M-Z,Francesco Ravanini,AULA MAGNA,"Viale Carlo Berti Pichat, 5 - Bologna",
2026-11-05,Giovedì,11:00 - 13:00,FISICA NUCLEARE E SUBNUCLEARE,M-Z,Iacopo Vivarelli,AULA MAGNA,"Viale Carlo Berti Pichat, 5 - Bologna",
2026-11-06,Venerdì,09:00 - 11:00,MECCANICA QUANTISTICA,M-Z,Francesco Ravanini,AULA MAGNA BIOCHIMICA (Accesso dal I piano),"Via Irnerio, 48 - Bologna",
2026-11-06,Venerdì,11:00 - 13:00,ASTROFISICA,TUTTI,Barbara Lanzoni,AULA A EST,VIA Irnerio 42 - Bologna,
2026-11-06,Venerdì,14:00 - 16:00,LABORATORIO DI ELETTRONICA,TUTTI,Gilda Scioli,AULA MAGNA,"Via Filippo Re, 10 - Bologna",
2026-11-09,Lunedì,09:00 - 11:00,FISICA NUCLEARE E SUBNUCLEARE,M-Z,Iacopo Vivarelli,AULA 1 SCIENZE FARMACEUTICHE (Accesso da Via Belmeloro 6),VIA Belmeloro 4/6 - Bologna,
2026-11-09,Lunedì,11:00 - 13:00,LABORATORIO DI ELETTRONICA,TUTTI,Gilda Scioli,AULA MAGNA,"Viale Carlo Berti Pichat, 5 - Bologna",
2026-11-09,Lunedì,16:00 - 18:00,DATA SCIENCE,TUTTI,Domenico Di Sante,AULA B,VIA Irnerio 42 - Bologna,
2026-11-10,Martedì,09:00 - 11:00,FISICA NUCLEARE E SUBNUCLEARE,M-Z,Iacopo Vivarelli,AULA VII PIANO,"Piazza di Porta San Donato, 5 - Bologna",
2026-11-10,Martedì,11:00 - 13:00,FISICA DELLA MATERIA,M-Z,Cesare Franchini,AULA MAGNA BIOCHIMICA (Accesso dal I piano),"Via Irnerio, 48 - Bologna",
2026-11-11,Mercoledì,09:00 - 11:00,MECCANICA QUANTISTICA,M-Z,Francesco Ravanini,AULA MAGNA BIOCHIMICA (Accesso dal I piano),"Via Irnerio, 48 - Bologna",
2026-11-11,Mercoledì,11:00 - 13:00,FISICA DELLA MATERIA,M-Z,Cesare Franchini,AULA MAGNA BIOCHIMICA (Accesso dal I piano),"Via Irnerio, 48 - Bologna",
2026-11-11,Mercoledì,14:00 - 16:00,ASTROFISICA,TUTTI,Barbara Lanzoni,AULA A EST,VIA Irnerio 42 - Bologna,
2026-11-11,Mercoledì,15:00 - 19:00,DATA SCIENCE,TUTTI,Domenico Di Sante,LAB INF N BELMELORO / LAB INF O BELMELORO,"Via Beniamino Andreatta, 8 - Bologna",
2026-11-12,Giovedì,09:00 - 11:00,MECCANICA QUANTISTICA,M-Z,Francesco Ravanini,AULA MAGNA,"Viale Carlo Berti Pichat, 5 - Bologna",
2026-11-12,Giovedì,11:00 - 13:00,FISICA NUCLEARE E SUBNUCLEARE,M-Z,Iacopo Vivarelli,AULA MAGNA,"Viale Carlo Berti Pichat, 5 - Bologna",
2026-11-12,Giovedì,14:00 - 18:00,LABORATORIO DI ELETTRONICA,TUTTI,Gilda Scioli,Aula da definire,,Turni di laboratorio
2026-11-13,Venerdì,09:00 - 11:00,MECCANICA QUANTISTICA,M-Z,Francesco Ravanini,AULA MAGNA BIOCHIMICA (Accesso dal I piano),"Via Irnerio, 48 - Bologna",
2026-11-13,Venerdì,11:00 - 13:00,ASTROFISICA,TUTTI,Barbara Lanzoni,AULA A EST,VIA Irnerio 42 - Bologna,
2026-11-13,Venerdì,14:00 - 18:00,LABORATORIO DI ELETTRONICA,TUTTI,Gilda Scioli,Aula da definire,,Turni di laboratorio
2026-11-16,Lunedì,09:00 - 11:00,FISICA NUCLEARE E SUBNUCLEARE,M-Z,Iacopo Vivarelli,AULA 1 SCIENZE FARMACEUTICHE (Accesso da Via Belmeloro 6),VIA Belmeloro 4/6 - Bologna,
2026-11-16,Lunedì,11:00 - 13:00,LABORATORIO DI ELETTRONICA,TUTTI,Gilda Scioli,AULA MAGNA,"Viale Carlo Berti Pichat, 5 - Bologna",
2026-11-16,Lunedì,16:00 - 18:00,DATA SCIENCE,TUTTI,Domenico Di Sante,AULA B (BIOCHIMICA),"Via Irnerio, 48 - Bologna",
2026-11-17,Martedì,09:00 - 11:00,FISICA NUCLEARE E SUBNUCLEARE,M-Z,Iacopo Vivarelli,AULA VII PIANO,"Piazza di Porta San Donato, 5 - Bologna",
2026-11-17,Martedì,11:00 - 13:00,FISICA DELLA MATERIA,M-Z,Cesare Franchini,AULA MAGNA BIOCHIMICA (Accesso dal I piano),"Via Irnerio, 48 - Bologna",
2026-11-18,Mercoledì,09:00 - 11:00,MECCANICA QUANTISTICA,M-Z,Francesco Ravanini,AULA MAGNA BIOCHIMICA (Accesso dal I piano),"Via Irnerio, 48 - Bologna",
2026-11-18,Mercoledì,11:00 - 13:00,FISICA DELLA MATERIA,M-Z,Cesare Franchini,AULA MAGNA BIOCHIMICA (Accesso dal I piano),"Via Irnerio, 48 - Bologna",
2026-11-18,Mercoledì,14:00 - 16:00,ASTROFISICA,TUTTI,Barbara Lanzoni,AULA A EST,VIA Irnerio 42 - Bologna,
2026-11-18,Mercoledì,15:00 - 19:00,DATA SCIENCE,TUTTI,Domenico Di Sante,LAB INF N BELMELORO / LAB INF O BELMELORO,"Via Beniamino Andreatta, 8 - Bologna",
2026-11-19,Giovedì,09:00 - 11:00,MECCANICA QUANTISTICA,M-Z,Francesco Ravanini,AULA MAGNA,"Viale Carlo Berti Pichat, 5 - Bologna",
2026-11-19,Giovedì,11:00 - 13:00,FISICA NUCLEARE E SUBNUCLEARE,M-Z,Iacopo Vivarelli,AULA MAGNA,"Viale Carlo Berti Pichat, 5 - Bologna",
2026-11-19,Giovedì,14:00 - 18:00,LABORATORIO DI ELETTRONICA,TUTTI,Gilda Scioli,Aula da definire,,Turni di laboratorio
2026-11-20,Venerdì,09:00 - 11:00,MECCANICA QUANTISTICA,M-Z,Francesco Ravanini,AULA MAGNA BIOCHIMICA (Accesso dal I piano),"Via Irnerio, 48 - Bologna",
2026-11-20,Venerdì,11:00 - 13:00,ASTROFISICA,TUTTI,Barbara Lanzoni,AULA A EST,VIA Irnerio 42 - Bologna,
2026-11-20,Venerdì,14:00 - 18:00,LABORATORIO DI ELETTRONICA,TUTTI,Gilda Scioli,Aula da definire,,Turni di laboratorio
2026-11-23,Lunedì,09:00 - 11:00,FISICA NUCLEARE E SUBNUCLEARE,M-Z,Iacopo Vivarelli,AULA 1 SCIENZE FARMACEUTICHE (Accesso da Via Belmeloro 6),VIA Belmeloro 4/6 - Bologna,
2026-11-23,Lunedì,11:00 - 13:00,LABORATORIO DI ELETTRONICA,TUTTI,Gilda Scioli,AULA MAGNA,"Viale Carlo Berti Pichat, 5 - Bologna",
2026-11-23,Lunedì,16:00 - 18:00,DATA SCIENCE,TUTTI,Domenico Di Sante,AULA B (BIOCHIMICA),"Via Irnerio, 48 - Bologna",
2026-11-24,Martedì,09:00 - 11:00,FISICA NUCLEARE E SUBNUCLEARE,M-Z,Iacopo Vivarelli,AULA VII PIANO,"Piazza di Porta San Donato, 5 - Bologna",
2026-11-24,Martedì,11:00 - 13:00,FISICA DELLA MATERIA,M-Z,Cesare Franchini,AULA S. GIACOMO,"Via San Giacomo, 3 - Bologna",
2026-11-25,Mercoledì,09:00 - 11:00,MECCANICA QUANTISTICA,M-Z,Francesco Ravanini,AULA MAGNA BIOCHIMICA (Accesso dal I piano),"Via Irnerio, 48 - Bologna",
2026-11-25,Mercoledì,11:00 - 13:00,FISICA DELLA MATERIA,M-Z,Cesare Franchini,AULA MAGNA BIOCHIMICA (Accesso dal I piano),"Via Irnerio, 48 - Bologna",
2026-11-25,Mercoledì,14:00 - 16:00,ASTROFISICA,TUTTI,Barbara Lanzoni,AULA B,VIA Irnerio 42 - Bologna,
2026-11-25,Mercoledì,15:00 - 19:00,DATA SCIENCE,TUTTI,Domenico Di Sante,LAB INF N BELMELORO / LAB INF O BELMELORO,"Via Beniamino Andreatta, 8 - Bologna",
2026-11-26,Giovedì,09:00 - 11:00,MECCANICA QUANTISTICA,M-Z,Francesco Ravanini,AULA MAGNA,"Viale Carlo Berti Pichat, 5 - Bologna",
2026-11-26,Giovedì,11:00 - 13:00,FISICA NUCLEARE E SUBNUCLEARE,M-Z,Iacopo Vivarelli,AULA MAGNA,"Viale Carlo Berti Pichat, 5 - Bologna",
2026-11-26,Giovedì,14:00 - 18:00,LABORATORIO DI ELETTRONICA,TUTTI,Gilda Scioli,Aula da definire,,Turni di laboratorio
2026-11-27,Venerdì,09:00 - 11:00,MECCANICA QUANTISTICA,M-Z,Francesco Ravanini,AULA MAGNA BIOCHIMICA (Accesso dal I piano),"Via Irnerio, 48 - Bologna",
2026-11-27,Venerdì,11:00 - 13:00,ASTROFISICA,TUTTI,Barbara Lanzoni,AULA A EST,VIA Irnerio 42 - Bologna,
2026-11-27,Venerdì,14:00 - 18:00,LABORATORIO DI ELETTRONICA,TUTTI,Gilda Scioli,Aula da definire,,Turni di laboratorio
2026-11-30,Lunedì,09:00 - 11:00,FISICA NUCLEARE E SUBNUCLEARE,M-Z,Iacopo Vivarelli,AULA 1 SCIENZE FARMACEUTICHE (Accesso da Via Belmeloro 6),VIA Belmeloro 4/6 - Bologna,
2026-11-30,Lunedì,11:00 - 13:00,LABORATORIO DI ELETTRONICA,TUTTI,Gilda Scioli,AULA MAGNA,"Viale Carlo Berti Pichat, 5 - Bologna",
2026-11-30,Lunedì,16:00 - 18:00,DATA SCIENCE,TUTTI,Domenico Di Sante,AULA A (FARMACOLOGIA),"Via Irnerio, 48 - Bologna",
2026-12-01,Martedì,09:00 - 11:00,FISICA NUCLEARE E SUBNUCLEARE,M-Z,Iacopo Vivarelli,AULA VII PIANO,"Piazza di Porta San Donato, 5 - Bologna",
2026-12-01,Martedì,11:00 - 13:00,FISICA DELLA MATERIA,M-Z,Cesare Franchini,AULA MAGNA BIOCHIMICA (Accesso dal I piano),"Via Irnerio, 48 - Bologna",
2026-12-02,Mercoledì,09:00 - 11:00,MECCANICA QUANTISTICA,M-Z,Francesco Ravanini,AULA MAGNA BIOCHIMICA (Accesso dal I piano),"Via Irnerio, 48 - Bologna",
2026-12-02,Mercoledì,11:00 - 13:00,FISICA DELLA MATERIA,M-Z,Cesare Franchini,AULA MAGNA BIOCHIMICA (Accesso dal I piano),"Via Irnerio, 48 - Bologna",
2026-12-02,Mercoledì,14:00 - 16:00,ASTROFISICA,TUTTI,Barbara Lanzoni,AULA B,"Via Irnerio, 46 - Bologna",
2026-12-02,Mercoledì,15:00 - 19:00,DATA SCIENCE,TUTTI,Domenico Di Sante,LAB INF N BELMELORO / LAB INF O BELMELORO,"Via Beniamino Andreatta, 8 - Bologna",
2026-12-03,Giovedì,09:00 - 11:00,MECCANICA QUANTISTICA,M-Z,Francesco Ravanini,AULA MAGNA,"Viale Carlo Berti Pichat, 5 - Bologna",
2026-12-03,Giovedì,11:00 - 13:00,FISICA NUCLEARE E SUBNUCLEARE,M-Z,Iacopo Vivarelli,AULA MAGNA,"Viale Carlo Berti Pichat, 5 - Bologna",
2026-12-03,Giovedì,14:00 - 18:00,LABORATORIO DI ELETTRONICA,TUTTI,Gilda Scioli,Aula da definire,,Turni di laboratorio
2026-12-04,Venerdì,09:00 - 11:00,MECCANICA QUANTISTICA,M-Z,Francesco Ravanini,AULA MAGNA BIOCHIMICA (Accesso dal I piano),"Via Irnerio, 48 - Bologna",
2026-12-04,Venerdì,11:00 - 13:00,ASTROFISICA,TUTTI,Barbara Lanzoni,AULA A EST,VIA Irnerio 42 - Bologna,
2026-12-04,Venerdì,14:00 - 18:00,LABORATORIO DI ELETTRONICA,TUTTI,Gilda Scioli,Aula da definire,,Turni di laboratorio
2026-12-09,Mercoledì,09:00 - 11:00,MECCANICA QUANTISTICA,M-Z,Francesco Ravanini,AULA MAGNA BIOCHIMICA (Accesso dal I piano),"Via Irnerio, 48 - Bologna",
2026-12-09,Mercoledì,11:00 - 13:00,FISICA DELLA MATERIA,M-Z,Cesare Franchini,AULA MAGNA BIOCHIMICA (Accesso dal I piano),"Via Irnerio, 48 - Bologna",
2026-12-09,Mercoledì,14:00 - 16:00,ASTROFISICA,TUTTI,Barbara Lanzoni,AULA A EST,VIA Irnerio 42 - Bologna,
2026-12-10,Giovedì,09:00 - 11:00,MECCANICA QUANTISTICA,M-Z,Francesco Ravanini,AULA MAGNA,"Viale Carlo Berti Pichat, 5 - Bologna",
2026-12-10,Giovedì,11:00 - 13:00,FISICA NUCLEARE E SUBNUCLEARE,M-Z,Iacopo Vivarelli,AULA MAGNA,"Viale Carlo Berti Pichat, 5 - Bologna",
2026-12-10,Giovedì,14:00 - 18:00,LABORATORIO DI ELETTRONICA,TUTTI,Gilda Scioli,Aula da definire,,Turni di laboratorio
2026-12-11,Venerdì,09:00 - 11:00,MECCANICA QUANTISTICA,M-Z,Francesco Ravanini,AULA MAGNA BIOCHIMICA (Accesso dal I piano),"Via Irnerio, 48 - Bologna",
2026-12-11,Venerdì,11:00 - 13:00,ASTROFISICA,TUTTI,Barbara Lanzoni,AULA A EST,VIA Irnerio 42 - Bologna,
2026-12-11,Venerdì,14:00 - 18:00,LABORATORIO DI ELETTRONICA,TUTTI,Gilda Scioli,Aula da definire,,Turni di laboratorio
2026-12-14,Lunedì,09:00 - 11:00,FISICA NUCLEARE E SUBNUCLEARE,M-Z,Iacopo Vivarelli,AULA 1 SCIENZE FARMACEUTICHE (Accesso da Via Belmeloro 6),VIA Belmeloro 4/6 - Bologna,
2026-12-14,Lunedì,11:00 - 13:00,LABORATORIO DI ELETTRONICA,TUTTI,Gilda Scioli,AULA MAGNA,"Viale Carlo Berti Pichat, 5 - Bologna",
2026-12-14,Lunedì,16:00 - 18:00,DATA SCIENCE,TUTTI,Domenico Di Sante,AULA B (BIOCHIMICA),"Via Irnerio, 48 - Bologna",
2026-12-15,Martedì,09:00 - 11:00,FISICA NUCLEARE E SUBNUCLEARE,M-Z,Iacopo Vivarelli,AULA VII PIANO,"Piazza di Porta San Donato, 5 - Bologna",
2026-12-15,Martedì,11:00 - 13:00,FISICA DELLA MATERIA,M-Z,Cesare Franchini,AULA MAGNA BIOCHIMICA (Accesso dal I piano),"Via Irnerio, 48 - Bologna",
2026-12-16,Mercoledì,09:00 - 11:00,MECCANICA QUANTISTICA,M-Z,Francesco Ravanini,AULA MAGNA BIOCHIMICA (Accesso dal I piano),"Via Irnerio, 48 - Bologna",
2026-12-16,Mercoledì,11:00 - 13:00,FISICA DELLA MATERIA,M-Z,Cesare Franchini,AULA MAGNA BIOCHIMICA (Accesso dal I piano),"Via Irnerio, 48 - Bologna",
2026-12-16,Mercoledì,14:00 - 16:00,ASTROFISICA,TUTTI,Barbara Lanzoni,AULA A EST,VIA Irnerio 42 - Bologna,
2026-12-16,Mercoledì,15:00 - 19:00,DATA SCIENCE,TUTTI,Domenico Di Sante,LAB INF N BELMELORO / LAB INF O BELMELORO,"Via Beniamino Andreatta, 8 - Bologna",
2026-12-17,Giovedì,09:00 - 11:00,MECCANICA QUANTISTICA,M-Z,Francesco Ravanini,AULA MAGNA,"Viale Carlo Berti Pichat, 5 - Bologna",
2026-12-17,Giovedì,11:00 - 13:00,FISICA NUCLEARE E SUBNUCLEARE,M-Z,Iacopo Vivarelli,AULA MAGNA,"Viale Carlo Berti Pichat, 5 - Bologna",
2026-12-17,Giovedì,14:00 - 18:00,LABORATORIO DI ELETTRONICA,TUTTI,Gilda Scioli,Aula da definire,,Turni di laboratorio
2026-12-18,Venerdì,09:00 - 11:00,MECCANICA QUANTISTICA,M-Z,Francesco Ravanini,AULA MAGNA BIOCHIMICA (Accesso dal I piano),"Via Irnerio, 48 - Bologna",
2026-12-18,Venerdì,11:00 - 13:00,ASTROFISICA,TUTTI,Barbara Lanzoni,AULA A EST,VIA Irnerio 42 - Bologna,
2026-12-18,Venerdì,14:00 - 18:00,LABORATORIO DI ELETTRONICA,TUTTI,Gilda Scioli,Aula da definire,,Turni di laboratorio
2026-12-21,Lunedì,09:00 - 11:00,FISICA NUCLEARE E SUBNUCLEARE,M-Z,Iacopo Vivarelli,AULA 1 SCIENZE FARMACEUTICHE (Accesso da Via Belmeloro 6),VIA Belmeloro 4/6 - Bologna,
2026-12-21,Lunedì,11:00 - 13:00,LABORATORIO DI ELETTRONICA,TUTTI,Gilda Scioli,AULA MAGNA,"Viale Carlo Berti Pichat, 5 - Bologna",
2026-12-21,Lunedì,16:00 - 18:00,DATA SCIENCE,TUTTI,Domenico Di Sante,AULA A (FARMACOLOGIA),"Via Irnerio, 48 - Bologna",
2026-12-22,Martedì,09:00 - 11:00,FISICA NUCLEARE E SUBNUCLEARE,M-Z,Iacopo Vivarelli,AULA VII PIANO,"Piazza di Porta San Donato, 5 - Bologna",
2026-12-22,Martedì,11:00 - 13:00,FISICA DELLA MATERIA,M-Z,Cesare Franchini,AULA MAGNA BIOCHIMICA (Accesso dal I piano),"Via Irnerio, 48 - Bologna",
2027-01-11,Lunedì,16:00 - 18:00,DATA SCIENCE,TUTTI,Domenico Di Sante,AULA A / AULA A (FARMACOLOGIA),"Via Filippo Re, 8 - Bologna / Via Irnerio, 48 - Bologna",
2027-01-13,Mercoledì,15:00 - 19:00,DATA SCIENCE,TUTTI,Domenico Di Sante,LAB INF N BELMELORO / LAB INF O BELMELORO,"Via Beniamino Andreatta, 8 - Bologna",
